﻿<?xml version="1.0" encoding="utf-8"?><meta xmlns:xsi="http://www.w3.org/2001/XMLSchema-instance" xmlns:xsd="http://www.w3.org/2001/XMLSchema"><project id="5mTorlrv4Gj" courseid="6JJjgH7DvYR_course_id" thumburl="story_content/thumbnail.jpg" title="Sponge UK - Learning through play" datepublished="2016-12-01T13:01:21" version="1.0.0.0" flashdata="story_content/data.swf" html5data="mobile/data.js" mobiledata="mobile/data.gz" enabledownload="true" duration="About 2 minutes" totalaudio="36817" totalvideo="0"><description>Sponge UK - Learning through play</description><keywords /><slidemeta moniker="slide" monikerplural="slides" viewslides="21" slidecountdescription="21 slides" /><author name="Alan Bourne" email="" website="" /><application name="Articulate Storyline" version="2.11.1609.3020" xmlversion="3.5" /></project></meta>